CREATE TABLE JOBS
(
    JOB_ID VARCHAR(50) PRIMARY KEY,
    JOB_TITLE VARCHAR(50),
    MIN_SALARY VARCHAR(50),
    MAX_SALARY VARCHAR(20)
);
INSERT INTO JOBS VALUES('01','ABOGADO','1000','2500');
INSERT INTO JOBS VALUES('02','MEDICO','1500','3000');
CREATE TABLE REGIONS
(
	REGION_ID VARCHAR(50) PRIMARY KEY,
	REGION_NAME VARCHAR(50)
);
INSERT INTO REGIONS VALUES ('10','LIMA');
INSERT INTO REGIONS VALUES ('20','LA PAZ');

CREATE TABLE COUNTRIES
(
	COUNTRY_ID VARCHAR(50) PRIMARY KEY,
	COUNTRY_NAME VARCHAR(50),
	REGION_ID VARCHAR(50) REFERENCES REGIONS(REGION_ID)
);
INSERT INTO COUNTRIES VALUES ('53','PERU','10');
INSERT INTO COUNTRIES VALUES ('54','BOLIVIA','20');

CREATE TABLE LOCATIONS
(
	LOCATION_ID VARCHAR(50) PRIMARY KEY,
	STREET_ADDRESS VARCHAR(50),
	POSTAL_CODE VARCHAR(50)
);
INSERT INTO LOCATIONS VALUES ('11','SAN JUAN','+51');
INSERT INTO LOCATIONS VALUES ('12','MANZANARES','+52');

CREATE TABLE DEPARTMENTS
(
	DEPARTMENT_ID VARCHAR(50) PRIMARY KEY,
	DEPARTMENT_NAME VARCHAR(50),
	MANAGER_ID VARCHAR(50),
	LOCATION_ID VARCHAR(50) REFERENCES LOCATIONS(LOCATION_ID)
);
INSERT INTO DEPARTMENTS VALUES ('13','SAN PEDRO','+53','11');
INSERT INTO DEPARTMENTS VALUES ('14','MANZANILLA','+54','12');

CREATE TABLE EMPLOYEES
(
	EMPLOYEE_ID VARCHAR(50) PRIMARY KEY,
	FIRST_NAME VARCHAR(50),
	LAST_NAME VARCHAR(50),
	EMAIL VARCHAR(50),
	PHONE_NUMBER VARCHAR(50),
	HIRE_DATE VARCHAR(50),
	JOB_ID VARCHAR(50)REFERENCES JOBS(JOB_ID),
	SALARY VARCHAR(50),
	COMISSION_PCT VARCHAR(50),
	DEPARTMENTE_ID VARCHAR(50) REFERENCES DEPARTMENTS(DEPARTMENT_ID)
);
INSERT INTO EMPLOYEES VALUES ('03','RENZO','URCIA','gato@hotmail.com','996081545',
							  '19 de marzo','01','1560','500','13');
INSERT INTO EMPLOYEES VALUES ('04','Carol','Quispe','canasta@gmail.com','984526134',
							 '20 de julio','02','1200','320','14');

CREATE TABLE JOB_HISTORY
(
    EMPLOYEE_ID VARCHAR(50) REFERENCES EMPLOYEES(EMPLOYEE_ID),
    START_DATE VARCHAR(50),
    END_DATE VARCHAR(50),
    JOB_ID VARCHAR(50) REFERENCES JOBS(JOB_ID),
    DEPARTMENT_ID VARCHAR(50) REFERENCES DEPARTMENTS(DEPARTMENT_ID)
);
INSERT INTO JOB_HISTORY VALUES('03','05/06/2014','20/05/2016','01','13');
INSERT INTO JOB_HISTORY VALUES('04','14/04/2013','25/09/2015','02','14');

CREATE TABLE CUSTOMERS
(
	CUSTOMER_ID VARCHAR(50) PRIMARY KEY,
	CUST_FIRST_NAME VARCHAR(50),
	CUST_LAST_NAME VARCHAR(50),
	CUST_ADDRESS VARCHAR(50),
	PHONE_NUMBER VARCHAR(50),
	NLS_LANGUAGE VARCHAR(50),
	NLS_TERRITORY VARCHAR(50),
	CREDIT_LIMIT VARCHAR(50),
	CUST_EMAIL VARCHAR(50),
	ACCOUNT_MGR_ID VARCHAR(50),
	CUST_GEO_LOCATION VARCHAR(50),
	DATE_OF_BIRTH VARCHAR(50),
	MARITAL_STATUS VARCHAR(50),
	GENDER VARCHAR(50),
	INCOME_LEVEL VARCHAR(50)
);
INSERT INTO CUSTOMERS VALUES('01','MARIO','LOPEZ','LOS ROSALES 321','2583641','2','4',
							 '2000','gorrion@outlook.com','Gorri','Peru','02/04',
							 'soltero','masculino','3000');
INSERT INTO CUSTOMERS VALUES('02','MIRIAM','ARENAS','Las gardenias 221','2544641','3','5',
							 '3000','miriam@outlook.com','Miri','Peru','06/04');